Year,Forecasted_Water_Area_km2
2026,3100.8978612000064
2027,3052.1729844363726
2028,3003.448107672739
2029,2954.7232309090905
2030,2905.9983541454567
