Metric,Value
R2,0.6422860170889064
RMSE_km2,125.95070538014642
MAE_km2,91.81609438704318
